00001,Hiking,hiking
00002,Photography,photography
00003,Cooking,cooking
00004,Fiction,fiction
00005,Weightlifting,weightlifting
00006,Yoga,yoga
00007,Video Games,video_games
00008,Poetry,poetry
00009,Civics,civics
00010,Peaceful Protests,peaceful_protests
00011,Fiction,fiction
00012,Creative Writing,creative_writing
00013,Dive Bars,dive_bars
00014,Whiskey,whiskey
00015,Vodka,vodka
00016,Gin,gin
00017,Tequila,tequila
00018,Wine,wine
00019,Biking,biking
00020,Travel,travel
00021,Basketball,basketball
00022,Movies,movies
00023,Sneaker Collecting,sneaker_collecting
00024,Gardening,gardening
00025,Dancing,dancing
00026,Line Dancing,line_dancing
00027,Space Tourism,space_tourism
00028,Fishing,fishing
00029,Graphic Design,graphic_design
00030,Egalitarianism,egalitarianism
00031,Open Source,open_source
00032,White Hat Hacking,white_hat_hacking
00033,Soccer,soccer
00034,Knitting,knitting
00035,Crocheting,crocheting
00036,Craft Beer,craft_beer
00037,Mindfulness,mindfulness
00038,Auto Repair,auto_repair
00039,Auto Customization,auto_customization
00040,Entrepreneurship,entrepreneurship
00041,Fantasy Football,fantasy_football
00042,Fantasy Sports,fantasy_sports
00043,Painting,painting
00044,Oil Painting,oil_painting
00045,Acrylics,acrylics
00046,Watercolor,watercolor
00047,Journaling,journaling
00048,Journalism,journalism
00049,International Cuisine,international_cuisine
00050,Early Mornings,early_mornings
00051,Night Owl,night_owl
00052,Mountain Biking,mountain_biking
00053,Rock Climbing,rock_climbing
00054,Camping,camping
00055,Chess,chess
00056,Longevity,longevity
00057,Cannabis,cannabis
00058,Reality TV,reality_tv
00059,Musical Instruments,musical_instruments
00060,Privacy Rights,privacy_rights
00061,Guitar,guitar
00062,Piano,piano
00063,Violin,violin
00064,Cello,cello
00065,Drums,drums
00066,Percussion,percussion
00067,Trombone,trombone
00068,Saxophone,saxophone
00069,Banjo,banjo
00070,Bass Guitar,bass_guitar
00071,Clubs,clubs
00072,Naps,naps
00073,EDM,edm
00074,Classical Music,classical_music
00075,Skiing,skiing
00076,Cycling,cycling
00077,Ethics,ethics
00078,Rap,rap
00079,Hip-Hop,hip_hop
00080,R&B,r_and_b
00081,Soul Music,soul_music
00082,Screenwriting,screenwriting
00083,profile Comedy,profile_comedy
00084,Rock Music,rock_music
00085,Classic Rock,classic_rock
00086,Soul Music,soul_music
00087,Indie Music,indie_music
00088,Indie Films,indie_films
00089,Directing,directing
00090,Portrait Photography,portrait_photography
00091,Blogging,blogging
00092,Vintage Items,vintage_items
00093,Foreign Languages,foreign_languages
00094,Golf,golf
00095,Surfing,surfing
00096,Skateboarding,skateboarding
00097,Live Music,live_music
00098,DIY Projects,diy_projects
00099,Marathons,marathons
00100,Ultra Running,ultra_running
00101,Endurance Racing,endurance_racing
00102,Jogging,jogging
00103,Board Games,board_games
00104,Cosplay,cosplay
00105,Baking,baking
00106,Desserts,desserts
00107,Local Politics,local_politics
00108,Birdwatching,birdwatching
00109,Art Galleries,art_galleries
00110,Museums,museums
00111,Science,science
00112,Martial Arts,martial_arts
00113,Stand-Up Comedy,stand_up_comedy
00114,Streaming,streaming
00115,Home Improvement,home_improvement
00116,Improv,improv
00117,Vibe Coding,vibe_coding
00118,Vibe Marketing,vibe_marketing
00119,Tennis,tennis
00120,Web Development,web_development
00121,Artificial Intelligence,artificial_intelligence
00122,Tabletop Games,tabletop_games
00123,Interior Decorating,interior_decorating
00124,Economics,economics
00125,Thrifting,thrifting
00126,Vintage Clothing,vintage_clothing
00127,Photo Editing,photo_editing
00128,Pc Gaming,pc_gaming
00129,Console Gaming,console_gaming
00130,Handheld Gaming,handheld_gaming
00131,Charity Events,charity_events
00132,Woodworking,woodworking
00133,Scuba Diving,scuba_diving
00134,Snorkeling,snorkeling
00135,Food Festivals,food_festivals
00136,Content Creation,content_creation
00137,Social Media Influencing,social_media_influencing
00138,Motorsports,motorsports
00139,Motorcycles,motorcycles
00140,MotoGP,motogp
00141,Cars,cars
00142,Formula 1,formula_1
00143,MLS,mls
00144,Premier League,premier_league
00145,Squash,squash
00146,Cricket,cricket
00147,Badminton,badminton
00148,NASCAR,nascar
00149,Self-Improvement,self_improvement
00150,National Parks,national_parks
00151,Podcasting,podcasting
00152,Retreats,retreats
00153,Wellness Workshops,wellness_workshops
00154,Trivia,trivia
00155,Comic Books,comic_books
00156,Functional Fitness,functional_fitness
00157,Anime,anime
00158,Manga,manga
00159,Philosophy,philosophy
00160,Stoicism,stoicism
00161,Urban Gardening,urban_gardening
00162,Hydroponics,hydroponics
00163,Ice Climbing,ice_climbing
00164,Spelunking,spelunking
00165,Free Diving,free_diving
00166,Free Climbing,free_climbing
00167,BASE Jumping,base_jumping
00168,BMX,bmx
00169,Spear Fishing,spear_fishing
00170,Deep Sea Fishing,deep_sea_fishing
00171,Pickleball,pickleball
00172,Mimosas,mimosas
00173,Sewing,sewing
00174,Fashion Design,fashion_design
00175,Brunch,brunch
00176,Beach,beach
00177,DJ�ing,djing
00178,Music Production,music_production
00179,NFL,nfl
00180,NBA,nba
00181,NHL,nhl
00182,MLB,mlb
00183,NCAA Football,ncaa_football
00184,NCAA Basketball,ncaa_basketball
00185,NCAA Baseball,ncaa_baseball
00186,UFC,ufc
00187,Boxing,boxing
00188,Mental Health,mental_health
00189,Animal Rescue,animal_rescue
00190,Volunteering,volunteering
00191,Investing,investing
00192,Hedonism,hedonism
00193,Stock Markets,stock_markets
00194,Real Estate,real_estate
00195,Book Clubs,book_clubs
00196,Coffee Shops,coffee_shops
00197,Metallurgy,metallurgy
00198,Esports,esports
00199,Theater,theater
00200,Glass Blowing,glass_blowing
00201,Community Events,community_events
00202,Wine Tastings,wine_tastings
00203,Darts,darts
00204,Billiards,billiards
00205,Robotics,robotics
00206,Pets,pets
00207,Cultural Awareness,cultural_awareness
00208,Streetwear,streetwear
00209,Coin Collecting,coin_collecting
00210,Fitness Challenges,fitness_challenges
00211,Digital Art,digital_art
00212,Mushrooming,mushrooming
00213,Architecture,architecture
00214,Interior Design,interior_design
00215,Ceramics,ceramics
00216,Tailgating,tailgating
00217,Sober Living,sober_living
00218,True Crime,true_crime
00219,Poker,poker
00220,Card Games,card_games
00221,Home Automation,home_automation
00222,Astrology,astrology
00223,Tarot Reading,tarot_reading
00224,Side Hustles,side_hustles
00225,Small Businesses,small_businesses
00226,Social Clubs,social_clubs
00227,Networking,networking
00228,Archery,archery
00229,Calligraphy,calligraphy
00230,Stand-Up Paddleboarding,stand_up_paddleboarding
00231,Astronomy,astronomy
00232,Cross-Stitching,cross_stitching
00233,Bowling,bowling
00234,Mixology,mixology
00235,Fantasy Novels,fantasy_novels
00236,Fan Fiction,fan_fiction
00237,Videography,videography
00238,Space,space
00239,Parkour,parkour
00240,Sculpting,sculpting
00241,Christianity,christianity
00242,Catholicism,catholicism
00243,Islam,islam
00244,Judaism,judaism
00245,Atheism,atheism
00246,Neurodiversity,neurodiversity
00247,Anthropology,anthropology
00248,Barbecue,barbecue
00249,Pottery,pottery
00250,Comic Conventions,comic_conventions
00251,Scavenger Hunts,scavenger_hunts
00252,Sushi,sushi
00253,Restaurants,restaurants
00254,Taekwondo,taekwondo
00255,Kung Fu,kung_fu
00256,Brazilian Jiu Jitsu,brazilian_jiu_jitsu
00257,Muay Thai,muay_thai
00258,Karate,karate
00259,Judo,judo
00260,Sambo,sambo
00261,Cross Fit,cross_fit
00262,Community Outreach,community_outreach
00263,International Politics,international_politics
00264,Criminal Justice Reform,criminal_justice_reform
00265,Global Trade,global_trade
00266,Urban Exploration,urban_exploration
00267,Furniture Restoration,furniture_restoration
00268,Public Speaking,public_speaking
00269,Ice Skating,ice_skating
00270,Cryptocurrency,cryptocurrency
00271,Escape Rooms,escape_rooms
00272,Abstract Art,abstract_art
00273,Collectibles,collectibles
00274,Disc Golf,disc_golf
00275,Blacksmithing,blacksmithing
00276,Classic Cars,classic_cars
00277,Festivals,festivals
00278,Raves,raves
00279,Video Editing,video_editing
00280,Rock Concerts,rock_concerts
00281,Conceptual Art,conceptual_art
00282,Expressionism,expressionism
00283,Pop Art,pop_art
00284,Pop Culture,pop_culture
00285,Genealogy,genealogy
00286,3D Printing,3d_printing
00287,Gymnastics,gymnastics
00288,Costume Design,costume_design
00289,Paintball,paintball
00290,Ballet,ballet
00291,Geocaching,geocaching
00292,Vlogging,vlogging
00293,Film Photography,film_photography
00294,Concert Photography,concert_photography
00295,Minimalism,minimalism
00296,UX Design,ux_design
00297,Historical Reenactments,historical_reenactments
00298,Canoeing,canoeing
00299,Kayaking,kayaking
00300,Antique Collecting,antique_collecting
00301,Mushroom Farming,mushroom_farming
00302,Farming,farming
00303,Metalworking,metalworking
00304,Technology,technology
00305,Eco-Friendly Living,eco_friendly_living
00306,Custom Jewelry,custom_jewelry
00307,Fine Jewelry,fine_jewelry
00308,Lock Picking,lock_picking
00309,Luxury Watches,luxury_watches
00310,Hypercars,hypercars
00311,Drag Racing,drag_racing
00312,Puzzles,puzzles
00313,Rugby,rugby
00314,Ice Hockey,ice_hockey
00315,Solo Travel,solo_travel
00316,Personal Finance,personal_finance
00317,Forex,forex
00318,Law,law
00319,Casual Dating,casual_dating
00320,ENM,enm
00321,Nontraditional Relationships,nontraditional_relationships
00322,Coffee,coffee
00323,Event Planning,event_planning
00324,Animation,animation
00325,Cartoons,cartoons
00326,Embroidery,embroidery
00327,Zumba,zumba
00328,Hunting,hunting
00329,Furniture Building,furniture_building
00330,Carpentry,carpentry
00331,Historical Research,historical_research
00332,Snowboarding,snowboarding
00333,Drifting,drifting
00334,Outdoor Photography,outdoor_photography
00335,Paranormal Investigation,paranormal_investigation
00336,Water Polo,water_polo
00337,Trail Running,trail_running
00338,Book Collecting,book_collecting
00339,Axe Throwing,axe_throwing
00340,Rowing,rowing
00341,Larping,larping
00342,Equestrian,equestrian
00343,Horses,horses
00344,Dogs,dogs
00345,Cats,cats
00346,Beekeeping,beekeeping
00347,Veganism,veganism
00348,Vegetarianism,vegetarianism
00349,High Fashion,high_fashion
00350,Mobile App Development,mobile_app_development
00351,Meditation,meditation
00352,Wood Carving,wood_carving
00353,Fencing,fencing
00354,Vinyl Records,vinyl_records
00355,Pilates,pilates
00356,Crafts,crafts
00357,Swimming,swimming
00358,Fitness Coaching,fitness_coaching
00359,Healthy Living,healthy_living
00360,Mountain Climbing,mountain_climbing
00361,NFTs,nfts
00362,Bouldering,bouldering
00363,Aviation,aviation
00364,Helicopters,helicopters
00365,Skydiving,skydiving
00366,Costuming,costuming
00367,Mythology,mythology
00368,Ballroom Dancing,ballroom_dancing
00369,Water Sports,water_sports
00370,Roller Skating,roller_skating
00371,Tea,tea
00372,Candle Making,candle_making
00373,Drones,drones
00374,Historical Fiction,historical_fiction
00375,Leatherwork,leatherwork
00376,Charities,charities
00377,YA Novels,ya_novels
00378,Marvel Universe,marvel_universe
00379,DC Universe,dc_universe
00380,Horror Films,horror_films
00381,Foreign Cinema,foreign_cinema
00382,Shopping,shopping
00383,Mentoring,mentoring
00384,Psychology,psychology
00385,Social Justice Reform,social_justice_reform
00386,Therapy,therapy
00387,AA/NA,aa_na
,,
,,